{
  "privacy_policy": {
    "last_updated": "24 February 2025",
    "introduction": {
      "description": "REDLINE Fire Watch, a company with registered office location at 8270 Woodland Center Blvd, Tampa, FL 33614 and with Employer Identification Number (EIN) 33-3189551 (hereinafter referred to as the 'Company,' 'we,' 'us,' or 'our') is committed to protecting your privacy. This Privacy Policy explains how we collect, use, and safeguard your information when you visit, browse, use and/or access our website or app. By using our website, app, and/or services/offerings, you agree to the terms outlined in this policy. If you do not agree with any of the terms of this policy, do not access or visit our website and refrain from using our services/offerings.",
      "modifications": "We reserve the sole and absolute right to edit the terms outlined in this policy at any time, effective immediately and without liability. It is your sole responsibility to check this policy periodically to check whether you agree with the terms stated hereunder. Your continued use of our website and/or services/offerings, will be considered that you have agreed and accepted to all of the changes within this policy."
    },
    "information_we_collect": {
      "title": "Information We Collect",
      "items": [
        "Login information such as email address, name, surname, among other things.",
        "Any information you voluntarily provide when contacting us or using our services.",
        "Data related to the interactions you make on our website, such as IP address, browser type, among other things.",
        "Data collected through cookies and similar tracking technologies."
      ]
    },
    "how_we_use_your_information": {
      "title": "How We Use Your Information",
      "items": [
        "Fulfill our services/offerings.",
        "Provide customer service and respond to inquiries.",
        "Internal purposes to improve our services and offerings.",
        "Comply with legal obligations and enforce our policies"
      ]
    },
    "sharing_of_information": {
      "title": "Sharing of Information",
      "description": "We do not share, sell, rent, or distribute your data and personal information with third parties for marketing purposes. However, we may share your data in the following circumstances:",
      "items": [
        "With service providers and partners assisting in the operation of our Website and services.",
        "When required by law, regulation, or legal process (e.g., court orders).",
        "To protect the rights, property, or safety of REDLINE Fire Watch, its users, or others."
      ]
    },
    "data_security": {
      "title": "Data Security",
      "description": "We implement industry-standard security measures to safeguard your personal information. However, no online transmission or storage system can be guaranteed 100% secure. While we strive to protect your data, we cannot guarantee absolute security."
    },
    "cookies_and_tracking_technologies": {
      "title": "Cookies and Tracking Technologies",
      "description": "Our Website may use cookies and similar technologies to enhance user experience. You can adjust your browser settings to refuse cookies, but some parts of our Website may not function properly without them."
    },
    "your_rights_and_choices": {
      "title": "Your Rights and Choices",
      "description": "Depending on your location, you may have the right to:",
      "items": [
        "Access, update, or delete your personal information.",
        "Opt out of certain data processing activities.",
        "Request a copy of the personal data we hold about you."
      ],
      "contact_note": "To exercise these rights, please contact us using the details below."
    },
    "third_party_links": {
      "title": "Third-Party Links",
      "description": "Our Website may contain links to third-party websites. We are not responsible for the privacy practices of such websites. We encourage users to review the privacy policies of external sites before providing any personal information."
    },
    "childrens_privacy": {
      "title": "Children’s Privacy",
      "description": "Our services are not intended for individuals under the age of 18. We do not knowingly collect or solicit personal information from minors. If we become aware that we have collected personal data from a minor without parental consent, we will take steps to remove that information."
    },
    "contact_us": {
      "title": "Contact Us",
      "description": "If you have any questions, suggestions, or feedback about this Privacy Policy, do not hesitate to contact us at info@redlinefirewatch.com. One of our dedicated customer service agents will be thrilled to assist you !"
    }
  }
}
