{
  "terms_and_conditions": {
    "last_updated": "24 February 2025",
    "introduction": "Welcome to REDLINE Fire Watch, a company with registered office location at 8270 Woodland Center Blvd, Tampa, FL 33614 and with Employer Identification Number (EIN) 33-3189551. These Terms and Conditions (hereinafter referred to as the 'Terms') govern your access to and use of the REDLINE Fire Watch reporting system (hereinafter referred to as the 'App'). By creating an account or using the App, you agree to comply with and be bound by these Terms. If you do not agree with any part of these Terms, you must discontinue use immediately",
    "definitions": {
      "1.1": "'App' refers to the REDLINE Fire Watch platform, a digital reporting and compliance tool for fire watch requirements.",
      "1.2": "'User' refers to any individual or entity accessing or using the App, including Fire Watch Personnel, Redline Management, and AHJs.",
      "1.3": "'Fire Watch Personnel' refers to individuals assigned by REDLINE Fire Watch to conduct fire watch duties, document activities, and submit compliance reports through the App.",
      "1.4": "'Manager' refers to authorized personnel from REDLINE Fire Watch management, responsible for overseeing fire watch operations and ensuring compliance.",
      "1.5": "'AHJ' refers to fire marshals, inspectors, or other regulatory officials responsible for ensuring NFPA compliance.",
      "1.6": "'Client' refers to property owners, facility managers, or businesses that contract with REDLINE Fire Watch for fire watch services.",
      "1.7": "'Content' refers to any text, photos, reports, notifications, or other data submitted through the App."
    },
    "purpose_and_scope": {
      "2.1": {
        "description": "The App is not a scheduling or management system, but a reporting platform designed to:",
        "a": {
          "2.1.1": "Ensure compliance with NFPA fire watch regulations.",
          "2.1.2": "Provide real-time documentation of fire watch activities for REDLINE Fire Watch, clients, and AHJs.",
          "2.1.3": "Support transparency and accountability in fire watch operations."
        }
      },
      "2.2": {
        "description": "Limitations of Use:",
        "a": {
          "2.2.1": "The App does not replace the legal obligation of property owners or clients to maintain compliance with NFPA and local fire codes.",
          "2.2.2": "REDLINE Fire Watch is not responsible for any regulatory violations caused by the failure of a client or AHJ to take appropriate action based on the reports provided.",
          "2.2.3": "Users are responsible for ensuring all reports are accurate and submitted in a timely manner to meet regulatory requirements."
        }
      }
    },
    "user_responsibilities": {
      "3.1": {
        "3.1": "Fire Watch Personnel Must :",
        "3.1.1": "Use the App solely for logging fire watch activities and submitting compliance reports.",
        "3.1.2": "Provide accurate and complete documentation of all fire watch patrols, including timestamps, locations, and incident reports.",
        "3.1.3": "Comply with all NFPA guidelines and local AHJ requirements."
      },
      "3.2": {
        "3.2": "Redline Management Must :",
        "3.2.1": "Monitor and review submitted reports to ensure compliance with fire watch regulations.",
        "3.2.2": "Communicate with clients and AHJs regarding fire watch status, compliance issues, and required corrective actions.",
        "3.2.3": "Maintain system security and user access to protect data integrity."
      },
      "3.3": {
        "3.2": "AHJs May :",
        "3.3.1": "Access submitted reports for compliance verification and audits.",
        "3.3.2": "Use the App to review incident documentation and verify adherence to NFPA fire watch protocols."
      },
      "3.4": {
        "3.4": "Users Must Not :",
        "3.4.1": "Use the App for personal, unauthorized, or noncompliant purposes.",
        "3.4.2": "Submit false, misleading, or incomplete reports.",
        "3.4.3": "Tamper with timestamps, falsify records, or interfere with compliance tracking.",
        "3.4.4": "Share login credentials or grant unauthorized access to reports."
      },
      "consequences": "The User hereby concurs and acknowledges that failure to comply with any of the aforementioned conditions may result in account suspension or legal liability."
    },
    "data_collection_reporting_features": {
      "4.1": {
        "4.1": "Clock in/Clock out and Location Tracking",
        "4.1.1": "The App utilizes GPS tracking to document fire watch patrols, geofence monitoring, and shift compliance.",
        "4.1.2": "By using the App, users explicitly consent to the collection and use of location data during active fire watch shifts for verification purposes."
      },
      "4.2": {
        "4.2": "Report Submission & Incident Documentation",
        "4.2.1": "Fire Watch Personnel must upload photos, logs, and incident reports as required by NFPA compliance standards.",
        "4.2.2": "Submitted reports are stored securely and may be accessed by Redline Management and AHJs for compliance verification."
      },
      "4.3": {
        "4.3": "Notifications & Compliance Alerts",
        "4.3.1": "The App facilitates automated notifications to Redline Management and AHJs regarding missed patrols, expired compliance periods, or potential violations.",
        "4.3.2": "Users may receive reminders for required documentation submissions."
      }
    },
    "confidentiality_data_protection": {
      "5.1": "Users agree to maintain the confidentiality of all fire watch reports, incident documentation, and regulatory communications submitted through the App.",
      "5.2": "The App follows industry-standard security measures to protect stored data, but REDLINE Fire Watch does not guarantee against data breaches beyond its control.",
      "5.3": "Users must comply with all applicable data protection laws when accessing or sharing reports."
    },
    "intellectual_property": {
      "6.1": "The App, including its design, reporting framework, and compliance tracking system, is the exclusive property of REDLINE Fire Watch.",
      "6.2": "Users are granted a limited, non-exclusive, revocable license to use the App for fire watch compliance purposes.",
      "6.3": "Unauthorized reproduction, modification, or distribution is strictly prohibited."
    },
    "limitations_of_liability": {
      "7.1": {
        "7.1": "The App is provided 'as is' and 'as available', without warranties of any kind."
      },
      "7.2": {
        "7.2": "REDLINE Fire Watch is not liable for:",
        "7.2.1": "User errors, including failure to submit accurate reports.",
        "7.2.2": "Missed fire watch patrols or regulatory violations caused by user negligence.",
        "7.2.3": "System outages, third-party malfunctions, or external disruptions."
      },
      "7.3": {
        "7.3": "In no event shall REDLINE Fire Watch’s liability exceed the amount paid (if applicable) for services rendered in the preceding three months."
      }
    },
    "account_suspension_termination": {
      "8.1": {
        "8.1": "Accounts may be suspended or terminated without prior notice for:",
        "8.1.1": "Failure to submit accurate fire watch reports.",
        "8.1.2": "Tampering with data, falsifying records, or attempting to circumvent compliance tracking.",
        "8.1.3": "Unauthorized access or misuse of the App."
      }
    },

    "modifications_to_terms": {
      "9.1": "REDLINE Fire Watch reserves the right to update these Terms periodically. Changes will be effective upon posting within the App or on our website. Therefore, it is highly recommended that you check these Terms periodically.",
      "9.2": "Continued use of the App after updates signifies acceptance of the revised Terms."
    },
    "governing_law_dispute_resolution": {
      "10.1": "These Terms are governed, construed, and interpreted by the laws of the State of Florida, without regard to conflict of law principles.",
      "10.2": "Disputes arising under these Terms shall be resolved through binding arbitration in Pasco County Florida, unless otherwise required by law. The decision of the arbitrator will be final and the prevailing party must be reimbursed for any of the legal fees and overall costs related to the arbitration."
    },
    "contact_information": {
      "11.1": {
        "11": "For questions or concerns regarding these Terms, please contact us at:",
        "11.1.1": "Email: info@redlinefirewatch.com",
        "11.1.2": "Business Address: 8270 Woodland Center Blvd, Tampa, FL 33614",
        "11.1.3": "Phone Number: (833) 733-9824",
        "11.1.4": "One of our customer service agents would be thrilled to assist you!"
      }
    },
    "acknowledgment": {
      "12.1": "By using the REDLINE Fire Watch App, you acknowledge that you have read, understood, and agreed to these Terms and Conditions."
    }
  }
}
