{
  "project_info": {
    "project_number": "333757944912",
    "project_id": "redline-app-444913",
    "storage_bucket": "redline-app-444913.firebasestorage.app"
  },
  "client": [
    {
      "client_info": {
        "mobilesdk_app_id": "1:333757944912:android:37ddc96b1564575847ad55",
        "android_client_info": {
          "package_name": "com.redlinefirewatch"
        }
      },
      "oauth_client": [],
      "api_key": [
        {
          "current_key": "AIzaSyAlabZZ06G8hqlkvcc8AtIRfyHYbJRFo-s"
        }
      ],
      "services": {
        "appinvite_service": {
          "other_platform_oauth_client": []
        }
      }
    }
  ],
  "configuration_version": "1"
}